Date ,Time ,DateTime,,,,,,,,,,,,,,,
1/5/19,18:28,1/5/19 18:28,,,,,,,,,,,,,,,
2/4/19,14:03,2/4/19 14:03,,,,,,,,,,,,,,,
3/6/19,9:03,3/6/19 9:03,,,,,,,,,,,,,,,
4/5/19,1:50,4/5/19 1:50,,,,,,,,,,,,,,,
5/4/19,15:45,5/4/19 15:45,,,,,,,,,,,,,,,
6/3/19,3:31,6/3/19 3:31,,,,,,,,,,,,,,,
7/2/19,12:11,7/2/19 12:11,,,,,,,,,,,,,,,
8/30/19,23:06,8/30/19 23:06,,,,,,,,,,,,,,,
9/28/19,12:54,9/28/19 12:54,,,,,,,,,,,,,,,
10/27/19,5:25,10/27/19 5:25,,,,,,,,,,,,,,,
11/26/19,23:47,11/26/19 23:47,,,,,,,,,,,,,,,
12/25/19,18:43,12/25/19 18:43,,,,,,,,,,,,,,,
1/24/20,14:42,1/24/20 14:42,,,,,,,,,,,,,,,
2/23/20,8:32,2/23/20 8:32,,,,,,,,,,,,,,,
3/24/20,2:28,3/24/20 2:28,,,,,,,,,,,,,,,
4/22/20,19:25,4/22/20 19:25,,,,,,,,,,,,,,,
5/22/20,10:38,5/22/20 10:38,,,,,,,,,,,,,,,
6/20/20,23:41,6/20/20 23:41,,,,,,,,,,,,,,,
7/20/20,10:32,7/20/20 10:32,,,,,,,,,,,,,,,
8/18/20,19:41,8/18/20 19:41,,,,,,,,,,,,,,,
9/17/20,4:00,9/17/20 4:00,,,,,,,,,,,,,,,
10/16/20,12:31,10/16/20 12:31,,,,,,,,,,,,,,,
11/14/20,22:07,11/14/20 22:07,,,,,,,,,,,,,,,
12/14/20,9:16,12/14/20 9:16,,,,,,,,,,,,,,,
1/12/21,22:00,1/12/21 22:00,,,,,,,,,,,,,,,
2/11/21,12:05,2/11/21 12:05,,,,,,,,,,,,,,,
3/13/21,3:21,3/13/21 3:21,,,,,,,,,,,,,,,
4/11/21,19:30,4/11/21 19:30,,,,,,,,,,,,,,,
5/11/21,11:59,5/11/21 11:59,,,,,,,,,,,,,,,
6/10/21,3:52,6/10/21 3:52,,,,,,,,,,,,,,,
7/9/21,18:16,7/9/21 18:16,,,,,,,,,,,,,,,
8/8/21,6:50,8/8/21 6:50,,,,,,,,,,,,,,,
9/6/21,17:51,9/6/21 17:51,,,,,,,,,,,,,,,
10/6/21,4:05,10/6/21 4:05,,,,,,,,,,,,,,,
11/4/21,14:14,11/4/21 14:14,,,,,,,,,,,,,,,
12/4/21,0:43,12/4/21 0:43,,,,,,,,,,,,,,,
1/2/22,11:33,1/2/22 11:33,,,,,,,,,,,,,,,
1/31/22,22:46,1/31/22 22:46,,,,,,,,,,,,,,,
3/2/22,10:34,3/2/22 10:34,,,,,,,,,,,,,,,
3/31/22,23:24,3/31/22 23:24,,,,,,,,,,,,,,,
4/30/22,13:28,4/30/22 13:28,,,,,,,,,,,,,,,
5/30/22,4:30,5/30/22 4:30,,,,,,,,,,,,,,,
6/28/22,19:52,6/28/22 19:52,,,,,,,,,,,,,,,
7/28/22,10:54,7/28/22 10:54,,,,,,,,,,,,,,,
8/27/22,1:17,8/27/22 1:17,,,,,,,,,,,,,,,
9/25/22,14:54,9/25/22 14:54,,,,,,,,,,,,,,,
10/25/22,3:48,10/25/22 3:48,,,,,,,,,,,,,,,
11/23/22,15:57,11/23/22 15:57,,,,,,,,,,,,,,,
12/23/22,3:16,12/23/22 3:16,,,,,,,,,,,,,,,
1/21/23,13:53,1/21/23 13:53,,,,,,,,,,,,,,,
2/20/23,0:05,2/20/23 0:05,,,,,,,,,,,,,,,
3/21/23,10:23,3/21/23 10:23,,,,,,,,,,,,,,,
4/19/23,21:12,4/19/23 21:12,,,,,,,,,,,,,,,
5/19/23,8:53,5/19/23 8:53,,,,,,,,,,,,,,,
6/17/23,21:37,6/17/23 21:37,,,,,,,,,,,,,,,
7/17/23,11:31,7/17/23 11:31,,,,,,,,,,,,,,,
8/16/23,2:38,8/16/23 2:38,,,,,,,,,,,,,,,
9/14/23,18:39,9/14/23 18:39,,,,,,,,,,,,,,,
10/14/23,10:55,10/14/23 10:55,,,,,,,,,,,,,,,
11/13/23,2:27,11/13/23 2:27,,,,,,,,,,,,,,,
12/12/23,16:32,12/12/23 16:32,,,,,,,,,,,,,,,